loop_tm_correlations	fw_tm_correlations	fw_start_points	fw_lengths	fw_regions
0.5093666267529013	0.7684978349597547	[1, 48, 78, 123, 162, 182]	[13, 7, 7, 5, 8, 12]	[[1, 13], [48, 54], [78, 84], [123, 127], [162, 169], [182, 193]]
0.4887174329913638	0.5884371298752396	[2, 42, 79, 133, 162, 208]	[12, 7, 7, 13, 5, 8]	[[2, 13], [42, 48], [79, 85], [133, 145], [162, 166], [208, 215]]
0.48504219589824676	0.5498925109104196	[9, 29, 78, 131, 163, 203]	[5, 12, 13, 8, 7, 7]	[[9, 13], [29, 40], [78, 90], [131, 138], [163, 169], [203, 209]]
0.4975301716362602	0.7026367210060198	[1, 38, 77, 101, 162, 191]	[13, 8, 5, 7, 7, 12]	[[1, 13], [38, 45], [77, 81], [101, 107], [162, 168], [191, 202]]
0.49773698686764084	0.8367591461334717	[0, 39, 79, 119, 161, 185]	[13, 5, 12, 7, 7, 8]	[[0, 12], [39, 43], [79, 90], [119, 125], [161, 167], [185, 192]]
0.4978792108857181	0.8079425233326404	[3, 24, 84, 114, 161, 222]	[8, 12, 7, 13, 7, 5]	[[3, 10], [24, 35], [84, 90], [114, 126], [161, 167], [222, 226]]
0.4987331280307281	0.7658005604074841	[6, 48, 81, 141, 163, 188]	[8, 13, 7, 12, 7, 5]	[[6, 13], [48, 60], [81, 87], [141, 152], [163, 169], [188, 192]]
0.4925213870509201	0.7580190678886667	[1, 47, 84, 127, 163, 182]	[8, 12, 7, 13, 5, 7]	[[1, 8], [47, 58], [84, 90], [127, 139], [163, 167], [182, 188]]
0.49161599101132064	0.7877137096532987	[1, 46, 78, 99, 164, 186]	[8, 12, 13, 7, 5, 7]	[[1, 8], [46, 57], [78, 90], [99, 105], [164, 168], [186, 192]]
0.49271958184062326	0.7924600034835281	[1, 49, 86, 135, 162, 212]	[7, 7, 5, 13, 8, 12]	[[1, 7], [49, 55], [86, 90], [135, 147], [162, 169], [212, 223]]
0.5061083251987866	0.6901552462393435	[3, 33, 78, 110, 162, 185]	[7, 5, 12, 13, 8, 7]	[[3, 9], [33, 37], [78, 89], [110, 122], [162, 169], [185, 191]]
0.5004233946459832	0.798211778287034	[6, 50, 83, 129, 164, 223]	[7, 13, 8, 12, 5, 7]	[[6, 12], [50, 62], [83, 90], [129, 140], [164, 168], [223, 229]]
0.49168053209782575	0.798513347381108	[1, 46, 84, 103, 161, 206]	[13, 8, 7, 12, 7, 5]	[[1, 13], [46, 53], [84, 90], [103, 114], [161, 167], [206, 210]]
0.5127156775013574	0.7635021045666307	[7, 43, 79, 128, 163, 193]	[7, 8, 12, 5, 7, 13]	[[7, 13], [43, 50], [79, 90], [128, 132], [163, 169], [193, 205]]
0.48493996191649963	0.7130454478076333	[0, 34, 79, 126, 162, 199]	[13, 12, 7, 7, 5, 8]	[[0, 12], [34, 45], [79, 85], [126, 132], [162, 166], [199, 206]]
0.4729290713673196	0.7435505015371224	[9, 53, 78, 145, 163, 216]	[5, 8, 12, 7, 7, 13]	[[9, 13], [53, 60], [78, 89], [145, 151], [163, 169], [216, 228]]
0.4975433507920447	0.3320950328494025	[4, 44, 78, 118, 163, 215]	[8, 7, 13, 5, 7, 12]	[[4, 11], [44, 50], [78, 90], [118, 122], [163, 169], [215, 226]]
0.4969964454567774	0.8206605405013206	[0, 39, 77, 101, 161, 194]	[5, 8, 7, 13, 7, 12]	[[0, 4], [39, 46], [77, 83], [101, 113], [161, 167], [194, 205]]
0.4912059000262939	0.7581914614922254	[3, 55, 86, 107, 161, 195]	[7, 8, 5, 12, 7, 13]	[[3, 9], [55, 62], [86, 90], [107, 118], [161, 167], [195, 207]]
0.5083578516336672	0.7010316124257071	[3, 41, 83, 101, 161, 207]	[7, 12, 7, 13, 8, 5]	[[3, 9], [41, 52], [83, 89], [101, 113], [161, 168], [207, 211]]
0.49093732256323763	0.7693185662723919	[4, 51, 79, 111, 162, 209]	[7, 13, 5, 7, 8, 12]	[[4, 10], [51, 63], [79, 83], [111, 117], [162, 169], [209, 220]]
0.48680543537754406	0.7808442363280514	[1, 28, 84, 99, 165, 217]	[13, 12, 7, 8, 5, 7]	[[1, 13], [28, 39], [84, 90], [99, 106], [165, 169], [217, 223]]
0.5009613693309871	0.8360493381962789	[1, 34, 81, 117, 162, 222]	[13, 12, 5, 8, 7, 7]	[[1, 13], [34, 45], [81, 85], [117, 124], [162, 168], [222, 228]]
0.5092078168211939	0.7513773287042254	[3, 46, 83, 118, 161, 198]	[7, 13, 5, 12, 8, 7]	[[3, 9], [46, 58], [83, 87], [118, 129], [161, 168], [198, 204]]
0.49264208044247215	0.6268412703360579	[5, 32, 78, 148, 163, 226]	[8, 12, 13, 7, 7, 5]	[[5, 12], [32, 43], [78, 90], [148, 154], [163, 169], [226, 230]]
0.5095834767646097	0.5500416401709934	[1, 42, 82, 105, 162, 205]	[12, 13, 7, 5, 7, 8]	[[1, 12], [42, 54], [82, 88], [105, 109], [162, 168], [205, 212]]
0.5044925142457887	0.8269152131915144	[2, 51, 78, 122, 161, 206]	[12, 7, 5, 13, 8, 7]	[[2, 13], [51, 57], [78, 82], [122, 134], [161, 168], [206, 212]]
0.4947919625440197	0.7556130502592716	[1, 27, 83, 137, 163, 219]	[13, 8, 5, 7, 7, 12]	[[1, 13], [27, 34], [83, 87], [137, 143], [163, 169], [219, 230]]
0.49856522703130607	0.6784304980327501	[3, 39, 77, 101, 162, 183]	[7, 12, 7, 5, 8, 13]	[[3, 9], [39, 50], [77, 83], [101, 105], [162, 169], [183, 195]]
0.5013533944868452	0.7584093880822274	[7, 37, 79, 118, 163, 203]	[5, 8, 12, 13, 7, 7]	[[7, 11], [37, 44], [79, 90], [118, 130], [163, 169], [203, 209]]
0.48352898608667494	0.8084360955952186	[1, 32, 78, 110, 162, 189]	[7, 8, 12, 13, 7, 5]	[[1, 7], [32, 39], [78, 89], [110, 122], [162, 168], [189, 193]]
0.48781510087029584	0.4172282404640611	[0, 33, 80, 144, 162, 220]	[12, 13, 7, 8, 7, 5]	[[0, 11], [33, 45], [80, 86], [144, 151], [162, 168], [220, 224]]
0.5182506233668123	0.6217932657332617	[2, 45, 83, 118, 161, 214]	[5, 13, 7, 7, 8, 12]	[[2, 6], [45, 57], [83, 89], [118, 124], [161, 168], [214, 225]]
0.487358593010054	0.7069531630067724	[0, 21, 79, 100, 163, 198]	[13, 7, 8, 5, 7, 12]	[[0, 12], [21, 27], [79, 86], [100, 104], [163, 169], [198, 209]]
0.4810308344123829	0.6392741714142036	[1, 30, 80, 106, 161, 221]	[13, 12, 7, 8, 5, 7]	[[1, 13], [30, 41], [80, 86], [106, 113], [161, 165], [221, 227]]
0.49821137234446417	0.8286215169597935	[0, 55, 77, 129, 163, 187]	[12, 7, 8, 13, 7, 5]	[[0, 11], [55, 61], [77, 84], [129, 141], [163, 169], [187, 191]]
0.5127607980755929	0.1317724094018925	[5, 45, 77, 129, 161, 209]	[7, 8, 12, 7, 5, 13]	[[5, 11], [45, 52], [77, 88], [129, 135], [161, 165], [209, 221]]
0.49646498787553617	0.7773884141760787	[1, 55, 82, 103, 162, 194]	[13, 7, 5, 8, 7, 12]	[[1, 13], [55, 61], [82, 86], [103, 110], [162, 168], [194, 205]]
0.5037810326649624	0.7640670117634807	[0, 37, 82, 117, 161, 191]	[13, 7, 5, 7, 8, 12]	[[0, 12], [37, 43], [82, 86], [117, 123], [161, 168], [191, 202]]
0.5002258470773185	0.8036709409651077	[4, 49, 78, 104, 162, 192]	[5, 13, 12, 7, 8, 7]	[[4, 8], [49, 61], [78, 89], [104, 110], [162, 169], [192, 198]]
0.49155126501065155	0.6724916264201037	[4, 42, 80, 141, 161, 220]	[7, 13, 5, 12, 7, 8]	[[4, 10], [42, 54], [80, 84], [141, 152], [161, 167], [220, 227]]
0.50065215321111	0.7764519347383354	[2, 28, 81, 114, 162, 219]	[8, 13, 5, 7, 7, 12]	[[2, 9], [28, 40], [81, 85], [114, 120], [162, 168], [219, 230]]
0.48704552870835055	0.8386020512098975	[1, 41, 78, 143, 161, 225]	[7, 8, 12, 13, 7, 5]	[[1, 7], [41, 48], [78, 89], [143, 155], [161, 167], [225, 229]]
0.49315593679273767	0.5152728118573856	[2, 28, 79, 134, 162, 207]	[12, 13, 8, 5, 7, 7]	[[2, 13], [28, 40], [79, 86], [134, 138], [162, 168], [207, 213]]
0.49768167433909916	0.6562639646790172	[4, 43, 84, 134, 162, 223]	[7, 13, 5, 12, 8, 7]	[[4, 10], [43, 55], [84, 88], [134, 145], [162, 169], [223, 229]]
0.5051487578655983	0.7837449031253321	[0, 52, 79, 118, 162, 204]	[13, 12, 7, 8, 7, 5]	[[0, 12], [52, 63], [79, 85], [118, 125], [162, 168], [204, 208]]
0.5085254816289162	0.732157297084522	[3, 56, 78, 123, 162, 191]	[7, 8, 5, 12, 7, 13]	[[3, 9], [56, 63], [78, 82], [123, 134], [162, 168], [191, 203]]
0.45353732460768303	0.7229433970396846	[2, 45, 77, 138, 161, 197]	[12, 7, 5, 7, 8, 13]	[[2, 13], [45, 51], [77, 81], [138, 144], [161, 168], [197, 209]]
0.4806464542351081	0.5378691216348324	[1, 26, 83, 150, 162, 218]	[12, 13, 7, 5, 7, 8]	[[1, 12], [26, 38], [83, 89], [150, 154], [162, 168], [218, 225]]
0.5089953639548046	0.7861466582686546	[1, 38, 81, 140, 161, 184]	[13, 7, 5, 12, 8, 7]	[[1, 13], [38, 44], [81, 85], [140, 151], [161, 168], [184, 190]]
